"fips","stname","Ctyname","cases_2018","ststatus","pop_2018","pct_uninsured","incidence_2018","active_months_10c","mean_annual_temp_c","canopy_pct","coverage_wt"
9001,"Connecticut","Fairfield County",289,"High Incidenc",943823,8.3,30.6201480574218,6,11.14,57.3040818563256,0.999999999730739
9003,"Connecticut","Hartford County",217,"High Incidenc",892697,5.3,24.3083599474402,6,10.43,52.022650627981,0.999999999997277
9005,"Connecticut","Litchfield County",130,"High Incidenc",181111,5.3,71.7791851406044,6,9.07,67.6807848472746,0.999999999999992
9007,"Connecticut","Middlesex County",200,"High Incidenc",162682,4.1,122.939231138048,6,11.01,62.9420095354031,0.999999999893729
9009,"Connecticut","New Haven County",333,"High Incidenc",857620,6.2,38.8283855320538,6,11.13,53.9912884023587,0.999999999715202
9011,"Connecticut","New London County",387,"High Incidenc",266784,5.5,145.061173083843,6,10.93,57.2117381581852,0.926573812704345
9013,"Connecticut","Tolland County",138,"High Incidenc",150921,4,91.4385671974079,6,10.12,65.1727599545934,0.999999999999934
9015,"Connecticut","Windham County",149,"High Incidenc",117027,5.4,127.32104557068,6,10.23,65.4450857977258,0.988499919882637
9110,"Connecticut","Capitol",NA,"High Incidenc",NA,NA,NA,NA,NA,NA,NA
9120,"Connecticut","Greater Bridgeport",NA,"High Incidenc",NA,NA,NA,NA,NA,NA,NA
9130,"Connecticut","Lower Connecticut River Valley",NA,"High Incidenc",NA,NA,NA,NA,NA,NA,NA
9140,"Connecticut","Naugatuck Valley",NA,"High Incidenc",NA,NA,NA,NA,NA,NA,NA
9150,"Connecticut","Northeastern Connecticut",NA,"High Incidenc",NA,NA,NA,NA,NA,NA,NA
9160,"Connecticut","Northwest Hills",NA,"High Incidenc",NA,NA,NA,NA,NA,NA,NA
9170,"Connecticut","South Central Connecticut",NA,"High Incidenc",NA,NA,NA,NA,NA,NA,NA
9180,"Connecticut","Southeastern Connecticut",NA,"High Incidenc",NA,NA,NA,NA,NA,NA,NA
9190,"Connecticut","Western Connecticut",NA,"High Incidenc",NA,NA,NA,NA,NA,NA,NA
10001,"Delaware","Kent County",75,"High Incidenc",178550,7,42.0050406048726,7,13.8,22.3252092680997,0.999999999999977
10003,"Delaware","New Castle County",285,"High Incidenc",559335,5.9,50.9533642629194,7,13.15,22.2845534093792,0.999999999999991
10005,"Delaware","Sussex County",127,"High Incidenc",229286,9.1,55.3893390787052,7,14.46,29.5924971345576,0.999999999999996
11001,"District of Columbia","District of Columbia",79,"High Incidenc",702455,3.6,11.2462720031888,NA,NA,24.1373436695481,0.999999999999442
23001,"Maine","Androscoggin County",68,"High Incidenc",107679,9.8,63.1506607602225,5,7.16,59.9311529856654,1.00000000003611
23003,"Maine","Aroostook County",4,"High Incidenc",67111,13.8,5.96027476866684,5,3.93,53.1554032557197,0.769046018406495
23005,"Maine","Cumberland County",284,"High Incidenc",293557,8.4,96.7444142023525,5,7.57,58.4559659673312,0.96316837486806
23007,"Maine","Franklin County",13,"High Incidenc",29897,11,43.4826236746162,5,4.58,73.4584664177715,0.999621111765337
23009,"Maine","Hancock County",174,"High Incidenc",54811,12.1,317.45452555144,5,7.1,67.1304462199103,0.972857567498079
23011,"Maine","Kennebec County",181,"High Incidenc",122083,9.2,148.259790470418,5,7.12,64.4475536377248,0.999999999996562
23013,"Maine","Knox County",104,"High Incidenc",39771,11.7,261.497070729929,5,7.25,61.3527715275897,0.999999999997747
23015,"Maine","Lincoln County",62,"High Incidenc",34342,13.4,180.5369518374,5,7.47,67.8927253667788,0.999999999999887
23017,"Maine","Oxford County",47,"High Incidenc",57618,11.8,81.5717310562671,5,5.78,70.6298230276548,0.990132863007645
23019,"Maine","Penobscot County",77,"High Incidenc",151096,11.7,50.9609784507863,5,6.06,70.4652186466431,1.00000000000237
23021,"Maine","Piscataquis County",2,"High Incidenc",16800,12.4,11.9047619047619,5,4.42,74.3638859241481,1.00000000000136
23023,"Maine","Sagadahoc County",47,"High Incidenc",35634,8.6,131.896503339507,5,7.58,61.8803414124359,0.992039799804363
23025,"Maine","Somerset County",45,"High Incidenc",50592,11.7,88.9468690702087,5,4.5,69.1589715643975,0.971666461098311
23027,"Maine","Waldo County",78,"High Incidenc",39694,11.4,196.50324986144,5,6.96,67.4337362017768,1.00000000019348
23029,"Maine","Washington County",15,"High Incidenc",31490,16.3,47.6341695776437,5,6.74,69.7303252129656,1.00000000000153
23031,"Maine","York County",201,"High Incidenc",206229,8.6,97.4644691095821,5,7.82,61.7268858651948,0.985057766768581
24001,"Maryland","Allegany County",85,"High Incidenc",70975,5.5,119.760479041916,6,11.48,63.5336705857302,0.96371428904292
24003,"Maryland","Anne Arundel County",90,"High Incidenc",576031,5,15.6241591164364,7,14.23,45.4756528509011,0.999999999999856
24005,"Maryland","Baltimore County",176,"High Incidenc",828431,6.2,21.2449799681567,6,12.79,35.695732797991,1.00000000000001
24009,"Maryland","Calvert County",103,"High Incidenc",92003,3.8,111.952871102029,7,14.36,56.1342747654891,0.999999999999919
24011,"Maryland","Caroline County",4,"High Incidenc",33304,8.1,12.0105693009849,7,14.16,26.1920766954966,0.999999999999999
24013,"Maryland","Carroll County",147,"High Incidenc",168429,4.2,87.2771316103521,6,12.09,26.4931745215272,0.999999999999989
24015,"Maryland","Cecil County",65,"High Incidenc",102826,5.3,63.2135841129675,6,12.84,29.8585532928747,1.00000000000004
24017,"Maryland","Charles County",8,"High Incidenc",161503,4.7,4.95346835662495,7,14.42,58.161340257926,1.00000000001704
24019,"Maryland","Dorchester County",0,"High Incidenc",31998,7.4,0,7,14.66,29.3925829661512,1
24021,"Maryland","Frederick County",110,"High Incidenc",255648,5.6,43.0279133808987,6,12.41,33.0293043678429,1.00000000000064
24023,"Maryland","Garrett County",14,"High Incidenc",29163,7.1,48.0060350444056,6,9.35,58.2461132784753,0.99999999999997
24025,"Maryland","Harford County",156,"High Incidenc",253956,4.7,61.4279638992581,6,12.6,33.4278805878936,0.921495855776856
24027,"Maryland","Howard County",107,"High Incidenc",323196,4.2,33.1068453817498,7,12.83,35.4498071767251,1.00000000000013
24029,"Maryland","Kent County",9,"High Incidenc",19383,8.1,46.432440798638,7,13.49,21.5115775191855,0.999999999999907
24031,"Maryland","Montgomery County",135,"High Incidenc",1052567,7.8,12.825786862024,7,13.05,35.4773627158637,0.999999999999914
24033,"Maryland","Prince George's County",16,"High Incidenc",909308,11.1,1.75957981234081,7,13.98,41.5607028381779,0.999999999999866
24035,"Maryland","Queen Anne's County",30,"High Incidenc",50251,5.2,59.7003044715528,7,13.8,23.65633399894,1.00000000000002
24037,"Maryland","St. Mary's County",30,"High Incidenc",112664,5.5,26.6278491798622,7,14.57,50.0006266126217,0.999999999999939
24039,"Maryland","Somerset County",5,"High Incidenc",25675,7.5,19.4741966893866,7,14.95,37.411677600808,0.999999999999929
24041,"Maryland","Talbot County",12,"High Incidenc",36968,7.7,32.4605063838996,7,14.48,25.9185695521385,1.00000000000009
24043,"Maryland","Washington County",36,"High Incidenc",150926,6.2,23.8527490293256,6,12.24,36.2001636881128,0.982646165964578
24045,"Maryland","Wicomico County",11,"High Incidenc",103195,7.9,10.659431173991,7,14.67,40.1797387860278,0.999999999999982
24047,"Maryland","Worcester County",4,"High Incidenc",51823,7,7.7185805530363,7,14.72,43.3394290967043,1.00000000000001
24510,"Maryland","Baltimore city",29,"High Incidenc",602495,7.4,4.81331795284608,7,14.01,16.9369900781023,0.999999999999926
25001,"Massachussetts","Barnstable County",0,"High Incidenc",213413,3.7,0,6,10.81,43.6825489566036,0.999999999999647
25003,"Massachussetts","Berkshire County",0,"High Incidenc",126348,3.5,0,5,7.98,71.5558401881456,0.999999999999941
25005,"Massachussetts","Bristol County",1,"High Incidenc",564022,3.7,0.177298048657676,6,10.91,53.6587870216178,0.990197677343108
25007,"Massachussetts","Dukes County",0,"High Incidenc",17352,3.9,0,6,11.03,46.4454206725373,0.978673532888612
25009,"Massachussetts","Essex County",0,"High Incidenc",790638,3.8,0,5,9.79,39.8218952195348,0.82560501955926
25011,"Massachussetts","Franklin County",0,"High Incidenc",70963,3,0,5,8.95,71.5615609231834,0.999999999995979
25013,"Massachussetts","Hampden County",0,"High Incidenc",470406,3.8,0,6,9.51,62.3063572655089,1.00000000000396
25015,"Massachussetts","Hampshire County",1,"High Incidenc",161355,2.8,0.619751479656658,5,9.18,68.3100456917633,0.999999999986012
25017,"Massachussetts","Middlesex County",0,"High Incidenc",1614714,2.8,0,6,10.13,51.657770911825,1.00000000000303
25019,"Massachussetts","Nantucket County",0,"High Incidenc",11327,4.4,0,6,10.74,0,0
25021,"Massachussetts","Norfolk County",0,"High Incidenc",705388,2.4,0,6,10.64,49.0926560835678,0.953864387938634
25023,"Massachussetts","Plymouth County",2,"High Incidenc",518132,2.8,0.386002022650599,6,10.84,48.782246485575,0.947522797384795
25025,"Massachussetts","Suffolk County",11,"High Incidenc",807252,4.4,1.36264759951044,6,10.83,19.9148999064309,0.762808550569794
25027,"Massachussetts","Worcester County",1,"High Incidenc",830839,3.1,0.120360262337228,5,9.46,64.6247982616056,1.00000000001255
27001,"Minnesota","Aitkin County",18,"High Incidenc",15902,7.2,113.193309017734,5,4.04,40.2791366237095,0.999999999995044
27003,"Minnesota","Anoka County",94,"High Incidenc",353813,4.4,26.5677066699075,5,6.35,17.5554839234503,0.999999999999767
27005,"Minnesota","Becker County",34,"High Incidenc",34371,6.7,98.9206016700125,5,3.83,23.1709394657697,1
27007,"Minnesota","Beltrami County",35,"High Incidenc",46847,8.5,74.7112942130766,5,3.37,33.7294023281741,1.00000000000237
27009,"Minnesota","Benton County",7,"High Incidenc",40545,4.5,17.264767542237,5,5.49,10.0656826937459,1.00000000000001
27011,"Minnesota","Big Stone County",0,"High Incidenc",4989,5.9,0,5,6.23,0.467173661698586,1
27013,"Minnesota","Blue Earth County",5,"High Incidenc",67427,4.5,7.41542705444407,5,6.78,4.38591208460331,1
27015,"Minnesota","Brown County",0,"High Incidenc",25111,4.2,0,5,6.57,2.59890750487794,1.0000000000867
27017,"Minnesota","Carlton County",33,"High Incidenc",35837,5,92.0836007478304,5,3.61,44.7758734814058,0.999999999999999
27019,"Minnesota","Carver County",12,"High Incidenc",103551,3,11.5884926268216,5,6.69,7.62757922042682,1.00000000000001
27021,"Minnesota","Cass County",53,"High Incidenc",29519,9.5,179.54537755344,5,4.31,42.5782302735806,0.999999999998933
27023,"Minnesota","Chippewa County",0,"High Incidenc",11924,6.3,0,5,6.49,1.36616634509072,1
27025,"Minnesota","Chisago County",25,"High Incidenc",55922,3.9,44.7051249955295,5,6.01,19.9617452859101,1
27027,"Minnesota","Clay County",8,"High Incidenc",63955,4.5,12.5087952466578,5,4.62,1.68189505145397,0.999999999999999
27029,"Minnesota","Clearwater County",8,"High Incidenc",8810,8.1,90.8059023836549,5,3.41,29.7406016798557,1
27031,"Minnesota","Cook County",1,"High Incidenc",5393,8.2,18.5425551641016,5,1.89,48.7976016606142,0.856705227171254
27033,"Minnesota","Cottonwood County",1,"High Incidenc",11277,6.7,8.86760663296976,5,6.12,0.648249293603975,0.999999999946141
27035,"Minnesota","Crow Wing County",84,"High Incidenc",64889,5.6,129.451833130423,5,4.7,38.4922097904662,1
27037,"Minnesota","Dakota County",73,"High Incidenc",425423,4,17.1593919463687,5,6.94,9.64039769668323,0.999999999996559
27039,"Minnesota","Dodge County",1,"High Incidenc",20822,4.1,4.80261262126597,5,6.18,3.60285229455934,1
27041,"Minnesota","Douglas County",2,"High Incidenc",37964,4,5.26814877252134,5,5.31,8.07545408449102,0.999999999999998
27043,"Minnesota","Faribault County",0,"High Incidenc",13758,5.8,0,5,6.73,1.79799721132583,1.00000000000175
27045,"Minnesota","Fillmore County",10,"High Incidenc",21058,7.3,47.4878905879001,5,6.63,12.5377702510662,0.999999999999998
27047,"Minnesota","Freeborn County",0,"High Incidenc",30444,7,0,5,6.4,1.74539576018873,0.999999999999996
27049,"Minnesota","Goodhue County",19,"High Incidenc",46403,4.9,40.9456285153977,5,6.57,13.7657312967487,0.999999999999996
27051,"Minnesota","Grant County",0,"High Incidenc",6021,5.9,0,5,5.69,1.18467333983035,1
27053,"Minnesota","Hennepin County",187,"High Incidenc",1259428,5.6,14.8480103666109,5,6.75,13.2838219471863,0.999999999999999
27055,"Minnesota","Houston County",11,"High Incidenc",18578,4.9,59.2098180643772,5,7.63,29.580655081954,0.999999999999994
27057,"Minnesota","Hubbard County",41,"High Incidenc",21332,6.9,192.199512469529,5,3.97,39.0480314908181,1
27059,"Minnesota","Isanti County",14,"High Incidenc",39966,4.6,35.0297753090127,5,5.94,17.7846487995321,1.00000000000001
27061,"Minnesota","Itasca County",62,"High Incidenc",45108,5.5,137.447902811031,5,3.46,47.3724661660537,1
27063,"Minnesota","Jackson County",0,"High Incidenc",9911,4.5,0,5,6.3,0.711687404389804,1
27065,"Minnesota","Kanabec County",13,"High Incidenc",16207,5.6,80.2122539643364,5,5.25,30.7042098289823,1.00000000000184
27067,"Minnesota","Kandiyohi County",9,"High Incidenc",42855,7.8,21.0010500525026,5,5.93,3.44216396272622,1
27069,"Minnesota","Kittson County",0,"High Incidenc",4248,5.2,0,5,4.02,3.72124209335854,0.98994602519182
27071,"Minnesota","Koochiching County",4,"High Incidenc",12440,6.8,32.1543408360129,5,2.91,42.5741096410479,0.906276759940146
27073,"Minnesota","Lac qui Parle County",0,"High Incidenc",6658,5.5,0,5,6.48,0.699998589811795,1
27075,"Minnesota","Lake County",14,"High Incidenc",10658,4.8,131.356727340965,5,2.55,44.8710059263137,0.838396875289189
27077,"Minnesota","Lake of the Woods County",1,"High Incidenc",3758,5.8,26.6098988823842,5,3.1,16.584152647355,0.60973210456902
27079,"Minnesota","Le Sueur County",1,"High Incidenc",28494,5.7,3.50951077419808,5,6.78,6.11980309930428,0.999999999999998
27081,"Minnesota","Lincoln County",0,"High Incidenc",5673,6.3,0,5,5.77,0.597174093383545,1
27083,"Minnesota","Lyon County",0,"High Incidenc",25629,5.1,0,5,6.24,0.761518801830956,1
27085,"Minnesota","McLeod County",6,"High Incidenc",35873,4.9,16.7256711175536,5,6.38,2.19742428045145,0.999999999999998
27087,"Minnesota","Mahnomen County",3,"High Incidenc",5519,9,54.3576734915746,5,3.48,17.4367589505226,0.999999999999999
27089,"Minnesota","Marshall County",6,"High Incidenc",9390,6.5,63.8977635782748,5,3.71,4.31715937923499,1.00000000002466
27091,"Minnesota","Martin County",0,"High Incidenc",19785,4.9,0,5,6.56,0.977338956632173,1
27093,"Minnesota","Meeker County",5,"High Incidenc",23141,5.4,21.6066721403569,5,5.84,3.81728930637596,1
27095,"Minnesota","Mille Lacs County",14,"High Incidenc",26139,7.2,53.5598148360687,5,5.27,28.9422912068466,1
27097,"Minnesota","Morrison County",11,"High Incidenc",33169,6.6,33.1634960354548,5,5.1,20.1415323893457,0.999999999999996
27099,"Minnesota","Mower County",2,"High Incidenc",40011,6.5,4.99862537802104,5,6.34,2.13046836446635,0.999999999999994
27101,"Minnesota","Murray County",0,"High Incidenc",8276,6.6,0,5,5.8,0.502434351136521,1
27103,"Minnesota","Nicollet County",3,"High Incidenc",34220,4.2,8.76680303915839,5,6.98,4.65119617547669,1
27105,"Minnesota","Nobles County",0,"High Incidenc",21924,10.9,0,5,6.22,0.186969558860649,0.999999999999928
27107,"Minnesota","Norman County",3,"High Incidenc",6475,6.1,46.3320463320463,5,4.15,2.22899048970227,1
27109,"Minnesota","Olmsted County",26,"High Incidenc",156277,4,16.6371251047819,5,6.39,10.025539537086,1
27111,"Minnesota","Otter Tail County",28,"High Incidenc",58812,5.4,47.6093314289601,5,4.69,10.420355651184,0.993053361662007
27113,"Minnesota","Pennington County",2,"High Incidenc",14178,4.3,14.1063619692481,5,3.49,4.10179288044405,0.999999999999999
27115,"Minnesota","Pine County",45,"High Incidenc",29483,6.9,152.630329342333,5,4.75,38.9956338811245,1.00000000000033
27117,"Minnesota","Pipestone County",0,"High Incidenc",9047,8.6,0,5,5.86,0.259379139183593,1
27119,"Minnesota","Polk County",7,"High Incidenc",31529,5.3,22.2017824859653,5,3.9,2.93945865992625,1
27121,"Minnesota","Pope County",0,"High Incidenc",11097,5.2,0,5,5.61,3.43967099893151,1
27123,"Minnesota","Ramsey County",109,"High Incidenc",550210,6.2,19.8106177641264,5,6.77,15.1754529560623,1
27125,"Minnesota","Red Lake County",4,"High Incidenc",3999,5.6,100.025006251563,5,3.61,4.3162251780875,1
27127,"Minnesota","Redwood County",0,"High Incidenc",15249,7.3,0,5,6.38,1.18259363918937,1
27129,"Minnesota","Renville County",3,"High Incidenc",14612,6.7,20.5310703531344,5,6.43,1.77713158892343,1
27131,"Minnesota","Rice County",10,"High Incidenc",66523,6,15.0323948108173,5,6.5,7.82768438617143,0.999999999999997
27133,"Minnesota","Rock County",0,"High Incidenc",9414,4.9,0,5,6.7,0.37226404460379,1
27135,"Minnesota","Roseau County",7,"High Incidenc",15150,5.5,46.2046204620462,5,3.43,7.15927244879745,0.863022693710622
27137,"Minnesota","St. Louis County",82,"High Incidenc",199754,5.2,41.0504921052895,5,2.95,39.1607938510477,0.839046182988031
27139,"Minnesota","Scott County",22,"High Incidenc",147381,3.8,14.9272972771253,5,6.94,11.3887547500208,0.999999999999995
27141,"Minnesota","Sherburne County",42,"High Incidenc",96036,3.6,43.7335999000375,5,5.89,16.4761250598459,1
27143,"Minnesota","Sibley County",2,"High Incidenc",15028,6.4,13.3084908171413,5,6.84,2.97346714418084,1
27145,"Minnesota","Stearns County",36,"High Incidenc",159256,5.3,22.6051137790727,5,5.49,7.92188486731211,0.999999999999996
27147,"Minnesota","Steele County",4,"High Incidenc",36803,4.8,10.8686791837622,5,6.3,2.57751809981716,1
27149,"Minnesota","Stevens County",2,"High Incidenc",9753,5,20.5065108171845,5,5.86,0.478741050731152,1
27151,"Minnesota","Swift County",1,"High Incidenc",9345,6.9,10.7009095773141,5,6.15,0.971072589339187,1
27153,"Minnesota","Todd County",12,"High Incidenc",24582,8.2,48.8162069807176,5,4.93,14.9135558722717,1
27155,"Minnesota","Traverse County",0,"High Incidenc",3308,7.5,0,5,6,0.316637893791742,1
27157,"Minnesota","Wabasha County",5,"High Incidenc",21645,5.5,23.1000231000231,5,6.84,19.6697642710311,1.00000000000001
27159,"Minnesota","Wadena County",11,"High Incidenc",13773,6.3,79.8664052857039,5,4.47,19.6435301396448,0.999999999999999
27161,"Minnesota","Waseca County",2,"High Incidenc",18691,5,10.7003370606174,5,6.36,2.57443037013866,1.00000000000001
27163,"Minnesota","Washington County",90,"High Incidenc",259201,3.2,34.7220882635484,5,6.61,20.4847583860934,0.999999999999989
27165,"Minnesota","Watonwan County",1,"High Incidenc",10980,9.2,9.10746812386157,5,6.52,1.14391376819538,0.999999999999998
27167,"Minnesota","Wilkin County",0,"High Incidenc",6254,4.3,0,5,5.42,0.407870018438038,1
27169,"Minnesota","Winona County",27,"High Incidenc",50825,5.1,53.1234628627644,5,7.28,27.7688569333703,1
27171,"Minnesota","Wright County",28,"High Incidenc",136349,4,20.535537481023,5,6.14,8.61448552304757,1
27173,"Minnesota","Yellow Medicine County",0,"High Incidenc",9795,5.6,0,5,6.5,1.21846685184292,0.999999999999999
33001,"New Hampshire","Belknap County",41,"High Incidenc",61022,8.3,67.1888826980433,5,7.69,62.80834771151,0.937451158477841
33003,"New Hampshire","Carroll County",73,"High Incidenc",48779,9.7,149.654564464216,5,6.67,73.8757452067293,0.9995561025725
33005,"New Hampshire","Cheshire County",38,"High Incidenc",76493,7.6,49.6777482906933,5,8.1,72.7087097701178,0.999999999999987
33007,"New Hampshire","Coos County",5,"High Incidenc",31589,8.8,15.8282946595334,5,4.63,70.9874939500757,0.977084794142907
33009,"New Hampshire","Grafton County",81,"High Incidenc",89786,7.6,90.2145100572472,5,6.09,74.5772182951597,0.999999999999927
33011,"New Hampshire","Hillsborough County",395,"High Incidenc",415247,7.3,95.1241068568828,5,8.84,63.9720410783416,0.999706488654325
33013,"New Hampshire","Merrimack County",190,"High Incidenc",151132,6.9,125.717915464627,5,7.97,63.4136134504205,0.957701171055205
33015,"New Hampshire","Rockingham County",351,"High Incidenc",309176,5.6,113.527570057184,5,9,58.5362730029851,0.999745116336562
33017,"New Hampshire","Strafford County",170,"High Incidenc",130090,7.2,130.678760857868,5,7.99,59.3599542719584,0.958724616975044
33019,"New Hampshire","Sullivan County",33,"High Incidenc",43144,7.5,76.4880400519192,5,7.12,71.3422874788508,0.999999999999871
34001,"New Jersey","Atlantic County",75,"High Incidenc",265429,9.6,28.2561438275396,6,13.28,48.236178916907,0.999999999999969
34003,"New Jersey","Bergen County",232,"High Incidenc",936692,8.7,24.7680133918086,6,12.07,35.9044958775451,1.00000000000007
34005,"New Jersey","Burlington County",186,"High Incidenc",445384,5.4,41.7617157329406,6,13.17,47.7381541739596,1.00000000000005
34007,"New Jersey","Camden County",157,"High Incidenc",507078,8.1,30.9617060886096,7,13.4,35.3065758348658,0.999999999999868
34009,"New Jersey","Cape May County",31,"High Incidenc",92560,8,33.4917891097666,6,13.46,35.4941301365579,0.99999999999929
34011,"New Jersey","Cumberland County",81,"High Incidenc",150972,10.7,53.6523328829187,7,13.33,38.3066234660587,1.0000000000001
34013,"New Jersey","Essex County",167,"High Incidenc",799767,11.6,20.8810816150204,6,12.18,27.9825027568634,0.999999999999864
34015,"New Jersey","Gloucester County",109,"High Incidenc",291408,5.2,37.4046011090979,7,13.4,30.9700281477013,0.99999999999994
34017,"New Jersey","Hudson County",26,"High Incidenc",676061,12.9,3.84580681329052,6,13.01,5.99891317305713,1.00000000000023
34019,"New Jersey","Hunterdon County",335,"High Incidenc",124714,4.1,268.614590182337,6,11.33,38.3330347425924,0.999999999999978
34021,"New Jersey","Mercer County",165,"High Incidenc",369811,9.2,44.6173856375284,6,12.44,34.2793430397055,0.999999999999948
34023,"New Jersey","Middlesex County",154,"High Incidenc",829685,7.7,18.5612612015403,6,12.54,29.9104094333529,1.00000000000008
34025,"New Jersey","Monmouth County",506,"High Incidenc",621354,6.7,81.4350595634695,6,12.66,38.0271235606939,0.999999999999912
34027,"New Jersey","Morris County",472,"High Incidenc",494228,5.2,95.5024806364674,6,10.77,52.5470538700766,1.00000000000002
34029,"New Jersey","Ocean County",290,"High Incidenc",601651,7.7,48.2007010708866,6,12.78,44.6933466791255,0.999999999999914
34031,"New Jersey","Passaic County",149,"High Incidenc",503310,13.5,29.6040213784745,6,10.88,57.6854595058275,1.00000000000005
34033,"New Jersey","Salem County",58,"High Incidenc",62607,7.1,92.6413979267494,7,13.36,24.1430809574641,1.0000000000001
34035,"New Jersey","Somerset County",225,"High Incidenc",331164,5.4,67.942167626916,6,11.88,39.1515236715125,0.999999999999983
34037,"New Jersey","Sussex County",246,"High Incidenc",140799,5.7,174.717149979758,6,9.9,58.4076697320499,0.999999999999938
34039,"New Jersey","Union County",92,"High Incidenc",558067,11.2,16.4854757582871,6,12.47,25.8740192209484,1.00000000000015
34041,"New Jersey","Warren County",244,"High Incidenc",105779,7,230.669603607521,6,10.53,45.225551712431,1.00000000000014
36001,"New York","Albany County",116,"High Incidenc",307117,4.2,37.7706216197736,5,8.89,54.2380201577275,1.00000000000004
36003,"New York","Allegany County",5,"High Incidenc",46430,5.7,10.7688994184794,5,8.01,53.1297233027989,0.999999999999985
36005,"New York","Bronx County",34,"High Incidenc",1432132,8.7,2.3740828359397,6,13.01,14.4462156990888,1.00000000000021
36007,"New York","Broome County",56,"High Incidenc",191659,5.2,29.2185600467497,5,8.16,56.3890824279921,0.999999999999321
36009,"New York","Cattaraugus County",17,"High Incidenc",76840,6.5,22.1238938053097,5,8,58.9245280455985,0.999999999999976
36011,"New York","Cayuga County",7,"High Incidenc",77145,4.8,9.07382202346231,5,8.37,27.9216040439275,0.973529047558665
36013,"New York","Chautauqua County",9,"High Incidenc",127939,5.5,7.03460242771946,6,8.68,45.4159112140671,0.93721651721137
36015,"New York","Chemung County",21,"High Incidenc",84254,4.1,24.9246326583901,5,8.69,52.3974505182846,1.00000000000006
36017,"New York","Chenango County",83,"High Incidenc",47536,4.9,174.604510265904,5,7.67,59.9995047587952,1.00000000000001
36019,"New York","Clinton County",42,"High Incidenc",80695,5,52.0478344383171,5,6.41,0,0
36021,"New York","Columbia County",129,"High Incidenc",59916,5.8,215.301421990787,6,9.47,54.4896899488735,1.00000000000003
36023,"New York","Cortland County",22,"High Incidenc",47823,4.4,46.0029692825628,5,7.33,51.063857740202,1.00000000000001
36025,"New York","Delaware County",38,"High Incidenc",44527,5.8,85.3414782042356,5,7.29,69.6924524128311,1
36027,"New York","Dutchess County",292,"High Incidenc",293718,5.1,99.415085217794,6,10.09,55.5952186840346,1.00000000000008
36029,"New York","Erie County",66,"High Incidenc",919719,4.4,7.17610487551089,5,8.96,28.8451522219949,0.720352168508554
36031,"New York","Essex County",17,"High Incidenc",37300,4.5,45.5764075067024,5,5.5,30.8254722604979,0.382405687396111
36033,"New York","Franklin County",23,"High Incidenc",50293,6.8,45.732010418945,5,5.62,0,0
36035,"New York","Fulton County",29,"High Incidenc",53591,5.1,54.1135638446754,5,7.24,68.0926616039213,0.99999999999998
36037,"New York","Genesee County",6,"High Incidenc",57511,4.5,10.4327867712264,5,8.64,11.5993926012708,0.586087393534308
36039,"New York","Greene County",69,"High Incidenc",47491,5.6,145.290686656419,5,7.95,69.2787833730028,1.00000000000002
36041,"New York","Hamilton County",1,"High Incidenc",4434,6.3,22.55299954894,5,5.12,51.5021572190114,0.627226535279259
36043,"New York","Herkimer County",31,"High Incidenc",61833,4.9,50.1350411592515,5,6.13,28.8271567091567,0.53051327757519
36045,"New York","Jefferson County",14,"High Incidenc",111755,4.8,12.5274036955841,5,7.57,9.75933170144541,0.249012528386241
36047,"New York","Kings County",281,"High Incidenc",2582830,7.8,10.8795391102008,6,13.11,1.4086940655656,0.273514428129447
36049,"New York","Lewis County",14,"High Incidenc",26447,5.1,52.936060800847,5,6.21,14.6355097914613,0.214839925912638
36051,"New York","Livingston County",13,"High Incidenc",63227,4.5,20.5608363515587,5,9.01,30.1026481939961,1.00000000000001
36053,"New York","Madison County",57,"High Incidenc",70795,4.8,80.5141606045625,5,7.47,43.8918297116428,0.999999999421339
36055,"New York","Monroe County",45,"High Incidenc",742474,4.3,6.06081829128023,6,9.39,24.3317438658998,0.936346076205425
36057,"New York","Montgomery County",49,"High Incidenc",49455,5.3,99.0799716914366,5,8.3,39.5082509634176,0.999999999999736
36059,"New York","Nassau County",31,"High Incidenc",1358343,4.6,2.2821923475882,6,12.51,23.5759722304396,0.911578385016393
36061,"New York","New York County",264,"High Incidenc",1628701,6.1,16.2092366861689,6,13.12,4.50483330884151,0.999999999999696
36063,"New York","Niagara County",2,"High Incidenc",210433,4.4,0.950421274229802,5,9.41,15.2593140145547,0.634438493307957
36065,"New York","Oneida County",24,"High Incidenc",229577,5,10.4540088946192,5,7.41,41.8495761976187,0.874066197943276
36067,"New York","Onondaga County",71,"High Incidenc",461809,4.7,15.3743214185951,5,8.3,36.5562639067661,1.00000000000015
36069,"New York","Ontario County",34,"High Incidenc",109864,4.3,30.9473530910944,5,8.78,32.6186756556937,0.999999999999965
36071,"New York","Orange County",145,"High Incidenc",381951,5.4,37.9629847807703,6,10.21,55.2301630328496,0.999999999999899
36073,"New York","Orleans County",5,"High Incidenc",40612,5.3,12.3116320299419,5,8.99,22.2056531129952,0.962007756833483
36075,"New York","Oswego County",34,"High Incidenc",117898,5.3,28.8384875061494,5,8.17,54.0973068273929,0.979655636327843
36077,"New York","Otsego County",45,"High Incidenc",59749,5.5,75.3150680346115,5,7.14,57.4832092090421,1.00000000000139
36079,"New York","Putnam County",168,"High Incidenc",98892,4.2,169.882295837884,6,10.47,66.0645100233694,0.999999999999996
36081,"New York","Queens County",85,"High Incidenc",2278906,10.1,3.72985985380705,6,12.88,3.9179784991534,0.510359240484165
36083,"New York","Rensselaer County",107,"High Incidenc",159442,4.2,67.1090427867187,5,8.9,56.8713142813176,1.00000000000008
36085,"New York","Richmond County",88,"High Incidenc",476179,5.3,18.4804453787336,6,13.06,14.7132785944027,1.00000000000007
36087,"New York","Rockland County",48,"High Incidenc",325695,5.3,14.7377147331092,6,11.35,52.8780861948202,0.9999999999945
36089,"New York","St. Lawrence County",33,"High Incidenc",108047,5.5,30.5422640147343,5,6.63,0,0
36091,"New York","Saratoga County",77,"High Incidenc",230163,4.1,33.4545517741774,5,8.29,61.4057828487671,0.999999999999909
36093,"New York","Schenectady County",19,"High Incidenc",155350,4.8,12.2304473768909,5,8.72,50.0870950540279,1.00000000000005
36095,"New York","Schoharie County",73,"High Incidenc",31097,5.2,234.749332733061,5,7.45,60.1875850967828,0.999999999998445
36097,"New York","Schuyler County",24,"High Incidenc",17912,5.1,133.988387673068,5,8.38,48.016582665251,1.00000000000002
36099,"New York","Seneca County",12,"High Incidenc",34300,5.6,34.9854227405248,5,8.81,20.5578338161596,0.999999999999984
36101,"New York","Steuben County",74,"High Incidenc",95796,5.2,77.2474842373377,5,8.15,48.8816303192707,0.999999999999963
36103,"New York","Suffolk County",193,"High Incidenc",1481093,4.9,13.0309170322188,6,11.74,38.6541379200133,1
36105,"New York","Sullivan County",14,"High Incidenc",75498,6.2,18.5435375771544,5,8.36,70.5774827584388,0.999999999999974
36107,"New York","Tioga County",19,"High Incidenc",48560,4.6,39.1268533772652,5,8.33,52.4476576937498,0.999999999999992
36109,"New York","Tompkins County",58,"High Incidenc",102793,4.8,56.4240755693481,5,8.03,45.6246525641605,0.999999999999978
36111,"New York","Ulster County",116,"High Incidenc",178599,6,64.9499717243658,5,8.88,69.2125847140647,0.999999999999961
36113,"New York","Warren County",11,"High Incidenc",64265,4.9,17.1166264685288,5,6.73,59.121847255772,0.755887290206693
36115,"New York","Washington County",17,"High Incidenc",61197,5.4,27.7791395003023,5,8.19,23.8895451719466,0.511034014334742
36117,"New York","Wayne County",15,"High Incidenc",90064,4.8,16.6548232368094,5,8.73,35.8790197461032,0.973979102184514
36119,"New York","Westchester County",113,"High Incidenc",967612,5.8,11.6782346643076,6,11.57,54.6754803596151,1.00000000000114
36121,"New York","Wyoming County",1,"High Incidenc",40085,4.6,2.49469876512411,5,8.03,25.5405866211552,0.803335317358749
36123,"New York","Yates County",32,"High Incidenc",24841,8.4,128.819290688781,5,8.67,36.192620388106,1.00000000000002
42001,"Pennsylvania","Adams County",137,"High Incidenc",102811,7.1,133.25422376983,6,11.64,32.0603499744499,1
42003,"Pennsylvania","Allegheny County",404,"High Incidenc",1218452,5,33.1568252175711,6,11.09,39.0362292358772,0.999999999999999
42005,"Pennsylvania","Armstrong County",216,"High Incidenc",65263,6.5,330.968542665829,6,10.1,50.1971162252972,1
42007,"Pennsylvania","Beaver County",254,"High Incidenc",164742,5.1,154.180476138447,6,10.45,48.2650251819504,1.00000000000004
42009,"Pennsylvania","Bedford County",133,"High Incidenc",48176,7.4,276.071072733311,6,10.68,56.030035646824,0.990784234664357
42011,"Pennsylvania","Berks County",279,"High Incidenc",420152,7.5,66.4045393095832,6,11.54,32.954771112083,1.00000000000077
42013,"Pennsylvania","Blair County",118,"High Incidenc",122492,6.3,96.332821735297,6,9.93,55.0343386130799,1.00000000000004
42015,"Pennsylvania","Bradford County",161,"High Incidenc",60833,6.7,264.658984432791,5,8.62,49.2810106176219,0.999999999999373
42017,"Pennsylvania","Bucks County",398,"High Incidenc",628195,5.2,63.356123496685,6,12,32.9512393538935,1.00000000000001
42019,"Pennsylvania","Butler County",624,"High Incidenc",187888,4.6,332.112748020097,6,9.84,46.5582879698759,0.999999999999982
42021,"Pennsylvania","Cambria County",137,"High Incidenc",131730,5.4,104.000607302816,6,9,53.5745439043163,0.999999999999999
42023,"Pennsylvania","Cameron County",15,"High Incidenc",4492,5.9,333.926981300089,5,8.33,76.4918988230991,0.999999999999961
42025,"Pennsylvania","Carbon County",55,"High Incidenc",64227,6.2,85.6337677300824,6,9.21,61.7470168839344,1.00000000000002
42027,"Pennsylvania","Centre County",195,"High Incidenc",162805,6.8,119.775191179632,6,9.25,57.2571104477865,1.00000000000042
42029,"Pennsylvania","Chester County",678,"High Incidenc",522046,5.9,129.873612670148,6,12.1,30.2612688286293,1.00000000000008
42031,"Pennsylvania","Clarion County",187,"High Incidenc",38779,8,482.219758116506,6,9.37,50.7231355212228,0.999999999999976
42033,"Pennsylvania","Clearfield County",221,"High Incidenc",79388,6.4,278.379603970373,6,8.87,60.1858639706398,0.999999999999979
42035,"Pennsylvania","Clinton County",20,"High Incidenc",38684,7.4,51.7009616378865,6,9,69.5393286321856,0.999999999999979
42037,"Pennsylvania","Columbia County",41,"High Incidenc",65456,6.2,62.6374969445123,6,9.71,45.9353067347703,0.999999999999954
42039,"Pennsylvania","Crawford County",126,"High Incidenc",85063,8.2,148.125506977182,6,9.18,46.0800110442773,0.999999999999976
42041,"Pennsylvania","Cumberland County",177,"High Incidenc",251423,6,70.3992872569335,6,11.74,33.5713740646926,0.999999999999944
42043,"Pennsylvania","Dauphin County",189,"High Incidenc",277097,6.8,68.2071621129063,6,11.4,45.03556068348,1.00000000000003
42045,"Pennsylvania","Delaware County",156,"High Incidenc",564751,6.1,27.62279305393,6,13.08,29.2263214921966,1.00000000000002
42047,"Pennsylvania","Elk County",67,"High Incidenc",30169,5.1,222.082269879678,5,8.64,69.6117451851213,0.999999999999978
42049,"Pennsylvania","Erie County",111,"High Incidenc",272061,6,40.7996736026112,6,9.31,35.4876544954979,0.85379029035328
42051,"Pennsylvania","Fayette County",103,"High Incidenc",130441,6.2,78.9629027683014,6,10.62,54.7023298019655,0.999999999999991
42053,"Pennsylvania","Forest County",16,"High Incidenc",7279,7.1,219.81041351834,6,8.87,73.6676544196002,1.00000000000002
42055,"Pennsylvania","Franklin County",48,"High Incidenc",154835,8.9,31.0007427261278,6,11.43,35.8650321002636,0.999999999995599
42057,"Pennsylvania","Fulton County",25,"High Incidenc",14523,7,172.140742270881,6,11.17,56.6051524008364,0.963722258567276
42059,"Pennsylvania","Greene County",31,"High Incidenc",36506,6.5,84.9175478003616,6,11.22,55.2748842841108,0.999999999999958
42061,"Pennsylvania","Huntingdon County",67,"High Incidenc",45168,6.6,148.33510449876,6,10.69,63.1530046413037,1
42063,"Pennsylvania","Indiana County",201,"High Incidenc",84501,8.1,237.867007491036,6,9.81,51.0333153851409,0.999999999999984
42065,"Pennsylvania","Jefferson County",212,"High Incidenc",43641,7,485.781719025687,6,8.97,56.2537061769074,1.00000000000119
42067,"Pennsylvania","Juniata County",18,"High Incidenc",24704,8.5,72.8626943005181,6,10.96,53.664474101967,0.999999999999942
42069,"Pennsylvania","Lackawanna County",125,"High Incidenc",210793,6.6,59.2998818746353,5,8.63,56.8121072065141,1.00000000000006
42071,"Pennsylvania","Lancaster County",309,"High Incidenc",543557,12.1,56.8477638959668,6,11.81,20.8592860809837,0.999999999999967
42073,"Pennsylvania","Lawrence County",112,"High Incidenc",86184,6.1,129.954515919428,6,9.92,38.1657461786411,1.00000000000001
42075,"Pennsylvania","Lebanon County",92,"High Incidenc",141314,8.3,65.1032452552472,6,11.37,27.9474116916202,1.00000000000004
42077,"Pennsylvania","Lehigh County",209,"High Incidenc",368100,7.7,56.7780494430861,6,11.45,25.9760556364617,1.00000000000006
42079,"Pennsylvania","Luzerne County",181,"High Incidenc",317646,6.5,56.9816714203862,6,8.92,59.0873307346709,0.999999999999977
42081,"Pennsylvania","Lycoming County",88,"High Incidenc",113664,6.7,77.4211711711712,6,9.18,62.3041600484579,0.999999999999987
42083,"Pennsylvania","McKean County",83,"High Incidenc",40968,6.3,202.597148994337,5,8.16,69.8732085247131,1.00000000000002
42085,"Pennsylvania","Mercer County",75,"High Incidenc",110683,6.9,67.7610834545504,6,9.55,39.3672250697722,1.00000000000002
42087,"Pennsylvania","Mifflin County",59,"High Incidenc",46222,8.8,127.644844446368,6,10.46,55.76365869612,0.999999999999955
42089,"Pennsylvania","Monroe County",105,"High Incidenc",169507,7.6,61.9443444813489,6,8.96,62.3354862833783,1
42091,"Pennsylvania","Montgomery County",463,"High Incidenc",828604,4.6,55.8771137962163,6,12.33,26.8204814798474,1.00000000000001
42093,"Pennsylvania","Montour County",10,"High Incidenc",18240,5,54.8245614035088,6,10.27,30.9966259668741,1.00000000000009
42095,"Pennsylvania","Northampton County",88,"High Incidenc",304807,6,28.8707280344611,6,10.97,28.5042248022137,0.999999999999964
42097,"Pennsylvania","Northumberland County",60,"High Incidenc",91083,6.9,65.8739830703864,6,10.39,39.8880036143066,1.00000000000005
42099,"Pennsylvania","Perry County",110,"High Incidenc",46139,8.5,238.410021890375,6,11.3,55.3441313182979,0.999999999999134
42101,"Pennsylvania","Philadelphia County",190,"High Incidenc",1584138,8.7,11.9939045714452,7,13.46,13.4042237701718,0.999999999999878
42103,"Pennsylvania","Pike County",59,"High Incidenc",55933,7,105.483346146282,5,8.75,75.0220818077918,1.00000000000008
42105,"Pennsylvania","Potter County",49,"High Incidenc",16622,7.2,294.790037299964,5,7.69,65.588966517838,1.00000000000002
42107,"Pennsylvania","Schuylkill County",140,"High Incidenc",142067,6.5,98.5450526864085,6,10,56.6900949360654,0.999999999999986
42109,"Pennsylvania","Snyder County",35,"High Incidenc",40540,9.2,86.3344844597928,6,10.53,43.9267469308748,1.00000000000001
42111,"Pennsylvania","Somerset County",58,"High Incidenc",73952,8.1,78.4292514063176,6,9.31,51.3156804124842,1.00000000000093
42113,"Pennsylvania","Sullivan County",12,"High Incidenc",6071,8.5,197.661011365508,5,7.82,71.0189282411086,0.999999999999963
42115,"Pennsylvania","Susquehanna County",74,"High Incidenc",40589,7.6,182.315405651778,5,8.29,57.5127144619789,1
42117,"Pennsylvania","Tioga County",61,"High Incidenc",40763,7,149.645511861247,5,8.04,56.0573207853929,1.00000000000007
42119,"Pennsylvania","Union County",48,"High Incidenc",44785,7.8,107.178742882662,6,10.09,50.7225852435252,0.999999999999898
42121,"Pennsylvania","Venango County",153,"High Incidenc",51266,7,298.443412788203,6,9.35,61.0736570807716,1.00000000000001
42123,"Pennsylvania","Warren County",53,"High Incidenc",39498,5.9,134.184009316927,5,8.61,68.1363897132997,1
42125,"Pennsylvania","Washington County",207,"High Incidenc",207346,4.7,99.8331291657423,6,10.99,42.1112191550903,1.00000000000216
42127,"Pennsylvania","Wayne County",86,"High Incidenc",51276,7.5,167.71979093533,5,8.2,62.7766112139785,0.999999999999977
42129,"Pennsylvania","Westmoreland County",496,"High Incidenc",350611,4.8,141.467324185493,6,10.63,48.238308259956,1.00000000000143
42131,"Pennsylvania","Wyoming County",50,"High Incidenc",27046,6,184.870221104784,6,8.93,60.7913147493659,0.999999999999988
42133,"Pennsylvania","York County",448,"High Incidenc",448273,6.5,99.9390996111744,6,11.76,29.107599004403,1.00000000000004
44001,"Rhode Island","Bristol County",86,"High Incidenc",48649,3,176.776501058603,6,11.39,38.8311367119045,1.00000000000006
44003,"Rhode Island","Kent County",161,"High Incidenc",163861,3.4,98.2540079701698,6,10.85,47.2523239429112,0.845471585188214
44005,"Rhode Island","Newport County",143,"High Incidenc",82542,3.6,173.245135809648,6,11.24,40.5184664500861,0.995907261086407
44007,"Rhode Island","Providence County",441,"High Incidenc",636084,5.7,69.3304657875375,6,10.55,58.7790517906362,0.999999999999761
44009,"Rhode Island","Washington County",280,"High Incidenc",126179,3.2,221.90697342664,6,11.12,8.79137934436923,0.164156934842409
50001,"Vermont","Addison County",31,"High Incidenc",36973,4.7,83.8449679495848,5,6.84,7.86331475606803,0.0988867674188179
50003,"Vermont","Bennington County",79,"High Incidenc",35631,5.5,221.717044146951,5,6.73,66.9388635515999,0.922459474398516
50005,"Vermont","Caledonia County",10,"High Incidenc",30302,5.2,33.0011220381493,5,5.24,52.9126985061755,0.840103362872856
50007,"Vermont","Chittenden County",95,"High Incidenc",164572,4.3,57.7254940087014,5,7.21,0,0
50009,"Vermont","Essex County",1,"High Incidenc",6250,6,16,5,4.9,58.3642751923033,0.84776776645671
50011,"Vermont","Franklin County",22,"High Incidenc",49421,4.6,44.5154893668683,5,6.69,0,0
50013,"Vermont","Grand Isle County",11,"High Incidenc",7090,4.8,155.148095909732,5,7.59,0,0
50015,"Vermont","Lamoille County",6,"High Incidenc",25300,5.4,23.7154150197628,5,5.42,0,0
50017,"Vermont","Orange County",16,"High Incidenc",28999,5.1,55.1743163557364,5,6.19,61.3774232468259,0.897706228236955
50019,"Vermont","Orleans County",1,"High Incidenc",26907,5.7,3.71650499869922,5,5.25,0.71363449979088,0.0113279012220919
50021,"Vermont","Rutland County",110,"High Incidenc",58672,5,187.4829560949,5,6.56,10.5074410956604,0.134388524529766
50023,"Vermont","Washington County",36,"High Incidenc",58140,4.4,61.9195046439629,5,5.57,3.00763713896424,0.0421852912360475
50025,"Vermont","Windham County",78,"High Incidenc",42756,5.1,182.430536065114,5,7.2,74.6320305998194,0.99999999999764
50027,"Vermont","Windsor County",79,"High Incidenc",55286,5.4,142.893318380784,5,6.69,71.4663402814316,0.998576497984691
51001,"Virginia","Accomack County",1,"High Incidenc",32412,17,3.0852770578798,7,15.05,29.3994162538959,0.999999999999967
51003,"Virginia","Albemarle County",22,"High Incidenc",108718,9.7,20.2358395113965,7,13.63,66.7450774774929,0.999999999999993
51005,"Virginia","Alleghany County",5,"High Incidenc",14910,10.4,33.5345405767941,6,11.93,80.2950956540292,0.999999999999948
51007,"Virginia","Amelia County",2,"High Incidenc",13013,13.6,15.3692461384769,7,14.66,59.5148710302008,0.999999999999995
51009,"Virginia","Amherst County",2,"High Incidenc",31666,12.1,6.31592244047243,7,13.31,74.6320444376082,0.999999999999996
51011,"Virginia","Appomattox County",0,"High Incidenc",15841,11.8,0,7,13.88,62.0292958690293,0.999999999999971
51013,"Virginia","Arlington County",10,"High Incidenc",237521,6.7,4.21015404953667,7,13.96,21.4315000163869,0.999999999999813
51015,"Virginia","Augusta County",39,"High Incidenc",75457,10.4,51.6850656665386,6,11.9,52.2548396313357,0.999999999999968
51017,"Virginia","Bath County",2,"High Incidenc",4292,12.6,46.5983224603914,6,11.59,78.7619561624074,1.0000000000051
51019,"Virginia","Bedford County",5,"High Incidenc",78747,10.3,6.34944823294856,7,13.71,57.8619571938735,0.999999999999994
51021,"Virginia","Bland County",1,"High Incidenc",6293,9.2,15.890672175433,6,11.2,72.4627952687089,1.00000000000267
51023,"Virginia","Botetourt County",3,"High Incidenc",33277,8.1,9.01523574841482,7,12.89,68.0441670622894,0.999999999999965
51025,"Virginia","Brunswick County",0,"High Incidenc",16384,12.7,0,7,15.36,65.5168495462137,0.999999999999984
51027,"Virginia","Buchanan County",0,"High Incidenc",21221,12.9,0,7,12.91,78.1424324577615,0.999999999998926
51029,"Virginia","Buckingham County",1,"High Incidenc",16999,14,5.88269898229308,7,14.07,67.1442744444213,1.00000000000005
51031,"Virginia","Campbell County",2,"High Incidenc",54973,11.7,3.63814963709457,7,13.98,57.1401047913253,1.00000000000004
51033,"Virginia","Caroline County",4,"High Incidenc",30772,11.3,12.9988301052905,7,14.23,60.5937783621021,1.00000000000007
51035,"Virginia","Carroll County",44,"High Incidenc",29636,13.1,148.468079362937,6,12,57.3260455360437,1.00000000000006
51036,"Virginia","Charles City County",1,"High Incidenc",6941,15.2,14.4071459443884,7,15.55,61.9168408801987,0.999999999999986
51037,"Virginia","Charlotte County",1,"High Incidenc",11938,14.8,8.37661249790585,7,14.32,63.7138960826331,1.00000000000246
51041,"Virginia","Chesterfield County",6,"High Incidenc",348556,9.8,1.72138766797875,7,14.85,56.9314523142007,1.00000000000007
51043,"Virginia","Clarke County",11,"High Incidenc",14523,10.6,75.7419265991875,7,12.65,40.4231728356316,0.99999999999999
51045,"Virginia","Craig County",1,"High Incidenc",5064,8.9,19.7472353870458,6,11.76,76.5305181519848,0.999999999999953
51047,"Virginia","Culpeper County",23,"High Incidenc",51859,12.5,44.3510287510365,7,13.6,43.4109662464034,1.00000000000428
51049,"Virginia","Cumberland County",0,"High Incidenc",9809,12.4,0,7,14.32,59.9744641339195,0.999999999999939
51051,"Virginia","Dickenson County",0,"High Incidenc",14523,11.6,0,6,12.68,76.1740722396447,1.00000000000003
51053,"Virginia","Dinwiddie County",0,"High Incidenc",28529,11.2,0,7,15.16,61.7923317798489,1.00000000000221
51057,"Virginia","Essex County",0,"High Incidenc",10919,12,0,7,14.77,54.8942204802602,1
51059,"Virginia","Fairfax County",118,"High Incidenc",1150795,8.8,10.2537810817739,7,13.73,40.1044798699692,0.999999999999898
51061,"Virginia","Fauquier County",38,"High Incidenc",70675,10.1,53.767244428723,7,13.14,45.2861642465086,1.00000000001044
51063,"Virginia","Floyd County",34,"High Incidenc",15795,13.7,215.257993035771,6,11.39,59.0917812539174,1.00000000000008
51065,"Virginia","Fluvanna County",1,"High Incidenc",26783,10.7,3.73371168278386,7,13.99,63.1074709476523,1.00000000000002
51067,"Virginia","Franklin County",3,"High Incidenc",56195,11.8,5.33855325206869,7,13.8,58.1245136865514,0.999999999999972
51069,"Virginia","Frederick County",38,"High Incidenc",88355,10.5,43.0083187142776,6,12.22,51.1050871972053,1.00000000000002
51071,"Virginia","Giles County",16,"High Incidenc",16844,9.9,94.9893137022085,6,11.56,70.223657330714,1.00000000000007
51073,"Virginia","Gloucester County",0,"High Incidenc",37349,10.3,0,7,15.53,58.7814071083838,1.00000000000009
51075,"Virginia","Goochland County",0,"High Incidenc",23244,7.5,0,7,14.12,59.0299298851058,1.00000000000001
51077,"Virginia","Grayson County",23,"High Incidenc",15631,12.9,147.143496897191,6,10.99,59.0716292063789,0.999999999996285
51079,"Virginia","Greene County",9,"High Incidenc",19779,12.5,45.5028060063704,7,13.05,63.0428383670355,1.00000000000102
51081,"Virginia","Greensville County",0,"High Incidenc",11627,10.7,0,8,15.68,60.0523261105262,0.999999999994672
51083,"Virginia","Halifax County",0,"High Incidenc",34120,11.3,0,7,14.62,61.9440777906745,0.999999999999947
51085,"Virginia","Hanover County",0,"High Incidenc",107239,7.3,0,7,14.39,53.7816878129592,1.00000000000004
51087,"Virginia","Henrico County",7,"High Incidenc",329261,10,2.12597301229116,7,14.85,44.3443372667585,0.999999999999987
51089,"Virginia","Henry County",4,"High Incidenc",50953,14.1,7.8503719113693,7,14.34,66.7006306668827,1.00000000000005
51091,"Virginia","Highland County",0,"High Incidenc",2210,17.2,0,6,10.08,65.4179474652577,1.00000000000005
51093,"Virginia","Isle of Wight County",0,"High Incidenc",36953,9,0,7,15.92,43.1430799904083,1.00000000000006
51095,"Virginia","James City County",1,"High Incidenc",76397,7.9,1.3089519221959,7,15.68,54.3625889270002,1.00000000000006
51097,"Virginia","King and Queen County",0,"High Incidenc",7042,14.2,0,7,14.91,60.6380162808134,1.00000000000007
51099,"Virginia","King George County",2,"High Incidenc",26575,7.4,7.52587017873942,7,14.48,61.2987183243237,1.00000000000005
51101,"Virginia","King William County",0,"High Incidenc",16939,9.7,0,7,14.83,56.9259260880296,0.999999999999998
51103,"Virginia","Lancaster County",0,"High Incidenc",10783,13,0,7,15.01,56.3095330646204,1.00000000002848
51105,"Virginia","Lee County",0,"High Incidenc",23541,12.3,0,7,13.07,60.9650266871223,0.999999999999995
51107,"Virginia","Loudoun County",136,"High Incidenc",406850,6.9,33.4275531522674,7,13.02,32.0162244242822,0.999999999999965
51109,"Virginia","Louisa County",7,"High Incidenc",36778,12.9,19.0331176246669,7,13.84,59.0326518333773,0.999999999999995
51111,"Virginia","Lunenburg County",1,"High Incidenc",12086,15.6,8.27403607479729,7,14.73,60.4595089988937,1.00000000000002
51113,"Virginia","Madison County",4,"High Incidenc",13295,12.3,30.0864986837157,7,12.92,60.122095661591,1.00000000000001
51115,"Virginia","Mathews County",0,"High Incidenc",8802,9.6,0,7,15.5,56.135862571134,0.999999999999989
51117,"Virginia","Mecklenburg County",3,"High Incidenc",30650,11.5,9.78792822185971,7,15.02,61.1687569525204,1.00000000000002
51119,"Virginia","Middlesex County",0,"High Incidenc",10769,11.1,0,7,15.17,55.2505795374141,0.999999999999999
51121,"Virginia","Montgomery County",53,"High Incidenc",98985,10.4,53.5434661817447,6,12.21,57.9203047007087,0.999999999999971
51125,"Virginia","Nelson County",8,"High Incidenc",14836,13.1,53.9228902669183,7,13.04,76.4963309581553,1.00000000000002
51127,"Virginia","New Kent County",1,"High Incidenc",22391,9,4.46608012147738,7,15.15,64.9434952337366,1.00000000000002
51131,"Virginia","Northampton County",1,"High Incidenc",11735,14.6,8.52151682999574,7,15.5,17.6618020597037,0.999999999999965
51133,"Virginia","Northumberland County",0,"High Incidenc",12147,12.5,0,7,14.81,50.178572717388,0.999999999996862
51135,"Virginia","Nottoway County",0,"High Incidenc",15420,14.4,0,7,14.79,58.4988286116014,0.99999999999995
51137,"Virginia","Orange County",5,"High Incidenc",36644,11.2,13.6447986027726,7,13.69,51.1645499190161,1.00000000000006
51139,"Virginia","Page County",10,"High Incidenc",23933,12.7,41.7833117452889,6,12.11,62.2002637719231,1.0000000000159
51141,"Virginia","Patrick County",3,"High Incidenc",17673,13.4,16.9750466813784,7,13.3,72.0807464528309,0.999999999999988
51143,"Virginia","Pittsylvania County",0,"High Incidenc",60949,12.4,0,7,14.33,52.567755854149,0.969110221507242
51145,"Virginia","Powhatan County",1,"High Incidenc",29189,9.6,3.42594813114529,7,14.35,62.9811387421927,1.00000000000003
51147,"Virginia","Prince Edward County",2,"High Incidenc",22950,12.7,8.71459694989107,7,14.38,61.1997174548371,1.00000000000006
51149,"Virginia","Prince George County",2,"High Incidenc",38082,8.7,5.25182500919069,7,15.54,60.6184568643045,0.999999999999968
51153,"Virginia","Prince William County",39,"High Incidenc",468011,11.7,8.33313746899111,7,13.76,48.3137771560781,1.00000000001518
51155,"Virginia","Pulaski County",22,"High Incidenc",34066,9.6,64.5805201667352,6,12.22,54.5149320649713,1.00000000000001
51157,"Virginia","Rappahannock County",4,"High Incidenc",7252,13.3,55.1571980143409,7,12.62,66.5475133132754,1.00000000000981
51159,"Virginia","Richmond County",0,"High Incidenc",9038,12.7,0,7,14.83,52.8495624822701,0.99999999999998
51161,"Virginia","Roanoke County",23,"High Incidenc",94073,8.3,24.4490980408831,7,13.01,65.7824184446582,0.999999999999995
51163,"Virginia","Rockbridge County",14,"High Incidenc",22752,11.5,61.5330520393812,7,12.66,64.6586635047163,1.00000000000001
51165,"Virginia","Rockingham County",27,"High Incidenc",81244,12.3,33.2332233764955,6,12.02,52.9162947851857,1.00000000000473
51167,"Virginia","Russell County",0,"High Incidenc",26748,10.7,0,6,12.66,57.6825762739495,0.999999999999972
51169,"Virginia","Scott County",0,"High Incidenc",21534,10.7,0,7,13.44,65.5565624760629,1.00000000000091
51171,"Virginia","Shenandoah County",12,"High Incidenc",43497,12,27.5881095247948,6,12.22,55.1756458592137,0.999999999993327
51173,"Virginia","Smyth County",5,"High Incidenc",30472,11.3,16.4085061695983,6,11.75,63.3883449819164,0.999999999993173
51175,"Virginia","Southampton County",0,"High Incidenc",17586,10.6,0,7,15.68,52.0221883923793,1.0000000000008
51177,"Virginia","Spotsylvania County",4,"High Incidenc",134238,10.2,2.97978217792279,7,13.65,61.2752344000367,1.00000000000003
51179,"Virginia","Stafford County",12,"High Incidenc",149960,7.8,8.00213390237397,7,13.81,59.1675005248553,1.00000000000006
51181,"Virginia","Surry County",1,"High Incidenc",6474,10.1,15.4464009885697,7,15.8,56.4091804839677,1.00000000000002
51183,"Virginia","Sussex County",0,"High Incidenc",11237,13.4,0,7,15.62,62.3273769353373,1
51185,"Virginia","Tazewell County",3,"High Incidenc",40855,11.6,7.34304246726227,6,11.36,63.6903628408958,1.00000000000878
51187,"Virginia","Warren County",23,"High Incidenc",40003,11.9,57.4956878234132,6,12.41,62.129842255728,0.999999999999965
51191,"Virginia","Washington County",0,"High Incidenc",54402,11.5,0,6,13.06,56.2930162780487,0.999999999999897
51193,"Virginia","Westmoreland County",0,"High Incidenc",17830,12.5,0,7,14.75,51.4645814700897,1.00000000000009
51195,"Virginia","Wise County",0,"High Incidenc",38012,11.9,0,6,11.98,67.4493817068448,1.00000000000002
51197,"Virginia","Wythe County",29,"High Incidenc",28754,11.5,100.855533143215,6,11.81,51.515766259158,1.00000000002271
51199,"Virginia","York County",0,"High Incidenc",67846,7.4,0,7,15.92,47.6806449775696,0.999999999999866
51510,"Virginia","Alexandria city",16,"High Incidenc",160530,11.4,9.96698436429328,7,14.28,24.8111972297456,0.99999999999937
51515,"Virginia","Bedford city",0,"High Incidenc",NA,NA,NA,NA,NA,NA,NA
51520,"Virginia","Bristol city",0,"High Incidenc",16482,10.4,0,7,13.86,34.6846669609519,0.999999999977561
51530,"Virginia","Buena Vista city",1,"High Incidenc",6237,9.8,16.0333493666827,7,13.38,64.7206009476843,0.999999999999986
51540,"Virginia","Charlottesville city",14,"High Incidenc",48117,10.4,29.0957457863125,7,13.91,60.318966690039,1.00000000000012
51550,"Virginia","Chesapeake city",6,"High Incidenc",242634,8,2.47286035757561,9,16.22,47.2185862330791,0.999999999999986
51570,"Virginia","Colonial Heights city",0,"High Incidenc",17833,10,0,7,15.24,48.1068307812905,1.00000000000014
51580,"Virginia","Covington city",1,"High Incidenc",5460,10.5,18.3150183150183,7,12.75,76.9289067022258,0.999999999999852
51590,"Virginia","Danville city",0,"High Incidenc",40693,11.2,0,7,14.74,47.2010543155372,0.952342093990516
51595,"Virginia","Emporia city",1,"High Incidenc",5121,10.1,19.5274360476469,8,15.72,57.1595285325378,1
51600,"Virginia","Fairfax city",0,"High Incidenc",24574,9.4,0,7,13.52,35.9786434447943,0.999999999999957
51610,"Virginia","Falls Church city",1,"High Incidenc",14772,4,6.76956404007582,7,13.56,23.516226428899,1.00000000000181
51620,"Virginia","Franklin city",0,"High Incidenc",8013,8.9,0,7,15.68,44.8195474703011,1.0000000000001
51630,"Virginia","Fredericksburg city",1,"High Incidenc",29144,11.5,3.43123799066703,7,13.69,35.4909314619737,1.00000000000003
51640,"Virginia","Galax city",28,"High Incidenc",6423,15.1,435.933364471431,6,12,53.143008316835,0.99999999999979
51650,"Virginia","Hampton city",0,"High Incidenc",134313,9.1,0,8,16.38,14.7962198995701,0.999999999999987
51660,"Virginia","Harrisonburg city",6,"High Incidenc",54033,14.6,11.1043251346399,7,12.63,11.5990681050299,0.999999999999982
51670,"Virginia","Hopewell city",1,"High Incidenc",22596,11.8,4.42556204637989,7,15.4,48.1802080269125,0.999999999999975
51678,"Virginia","Lexington city",1,"High Incidenc",7136,8.5,14.0134529147982,NA,NA,40.8818024211425,1.00000000000005
51680,"Virginia","Lynchburg city",5,"High Incidenc",82126,10.7,6.08820592747729,7,13.88,54.281805702618,0.999999999999964
51683,"Virginia","Manassas city",4,"High Incidenc",41641,15.9,9.60591724502294,7,13.72,32.7091605475744,0.999999999999828
51685,"Virginia","Manassas Park city",2,"High Incidenc",17307,16.1,11.5560177962674,7,13.71,45.4474664680722,0.999999999999841
51690,"Virginia","Martinsville city",0,"High Incidenc",12902,10.4,0,7,14.34,62.5002300271993,1.00000000000008
51700,"Virginia","Newport News city",2,"High Incidenc",178626,10.8,1.11965783256637,8,16.22,33.7458647396406,1.00000000000008
51710,"Virginia","Norfolk city",3,"High Incidenc",244076,12.6,1.22912535439781,9,16.68,12.4903981311727,0.99999999999995
51720,"Virginia","Norton city",0,"High Incidenc",3968,9.5,0,6,11.99,68.0668492327401,0.99999999999985
51730,"Virginia","Petersburg city",0,"High Incidenc",31567,11.8,0,7,15.3,46.6193977171276,0.999999999999911
51735,"Virginia","Poquoson city",0,"High Incidenc",12190,5.8,0,8,16.29,30.3577302457009,1.00000000000002
51740,"Virginia","Portsmouth city",0,"High Incidenc",94632,10.3,0,9,16.62,23.627230306773,1.00000000000001
51750,"Virginia","Radford city",11,"High Incidenc",18339,8.5,59.9814602759147,6,12.38,32.5178467697935,0.999999999999991
51760,"Virginia","Richmond city",3,"High Incidenc",228783,13.3,1.31128624067348,7,14.79,32.9692623660315,0.999999999999957
51770,"Virginia","Roanoke city",17,"High Incidenc",99920,13,17.013610888711,7,13.86,40.5522715531226,0.999999999999979
51775,"Virginia","Salem city",3,"High Incidenc",25643,7.7,11.699099169364,7,13.79,65.8490650441321,0.999999999999925
51790,"Virginia","Staunton city",19,"High Incidenc",24922,9.8,76.2378621298451,6,12.44,27.7200483735627,1.00000000000003
51800,"Virginia","Suffolk city",0,"High Incidenc",91185,8.7,0,9,15.89,50.206489182095,0.99999999999844
51810,"Virginia","Virginia Beach city",8,"High Incidenc",450189,9.4,1.77703142457945,9,16.37,28.1810155134762,1.00000000000012
51820,"Virginia","Waynesboro city",8,"High Incidenc",22628,12.2,35.3544281421248,7,12.63,50.1976256767429,1.00000000000015
51830,"Virginia","Williamsburg city",0,"High Incidenc",14896,10.1,0,7,15.69,49.5643060531166,1.00000000000014
51840,"Virginia","Winchester city",8,"High Incidenc",28108,14.2,28.4616479294151,7,12.49,21.9247198234696,0.999999999999792
54001,"West Virginia","Barbour County",23,"High Incidenc",16535,8.4,139.098881161173,6,11.79,59.8157652518601,0.999999999997387
54003,"West Virginia","Berkeley County",46,"High Incidenc",117123,7.6,39.2749502659597,6,12.36,45.0988403360618,0.999999999999959
54005,"West Virginia","Boone County",1,"High Incidenc",21951,7.6,4.55560111156667,7,13.18,74.7404015940567,0.999999999922475
54007,"West Virginia","Braxton County",4,"High Incidenc",14089,8.8,28.3909432890908,6,12.81,73.617577827894,1.00000000000006
54009,"West Virginia","Brooke County",16,"High Incidenc",22203,5.8,72.0623339188398,6,11.07,50.4799884528276,1.00000000000004
54011,"West Virginia","Cabell County",1,"High Incidenc",93224,7.7,1.07268514545611,7,13.56,64.9931763238242,0.999999999999895
54013,"West Virginia","Calhoun County",1,"High Incidenc",7254,8.8,13.7854976564654,6,12.57,76.1001010488748,1.00000000000005
54015,"West Virginia","Clay County",1,"High Incidenc",8632,8.2,11.5848007414272,6,12.86,77.220404167189,0.99999999999075
54017,"West Virginia","Doddridge County",0,"High Incidenc",8406,7.6,0,6,12.25,71.7089927979402,0.999999999999988
54019,"West Virginia","Fayette County",5,"High Incidenc",43018,8.3,11.6230415175043,6,11.73,76.8424641047532,1.00000000000001
54021,"West Virginia","Gilmer County",0,"High Incidenc",8026,7.6,0,6,12.7,73.6721596912911,1.00000000000001
54023,"West Virginia","Grant County",6,"High Incidenc",11626,8.4,51.6084637880612,6,10.87,58.9952139303073,1.00000000000002
54025,"West Virginia","Greenbrier County",23,"High Incidenc",34786,9.4,66.1185534410395,6,10.56,65.5880785132388,1.00000000000039
54027,"West Virginia","Hampshire County",28,"High Incidenc",23347,10.3,119.929755428963,6,11.66,67.2671970682763,1.00000000000053
54029,"West Virginia","Hancock County",78,"High Incidenc",29094,7.7,268.096514745308,6,10.54,52.965325060695,0.999999999999989
54031,"West Virginia","Hardy County",8,"High Incidenc",13775,9.4,58.076225045372,6,11.34,69.8362768734362,0.999999999999929
54033,"West Virginia","Harrison County",16,"High Incidenc",67554,8.2,23.6847558989845,6,12.34,58.8191139225822,1.00000000000006
54035,"West Virginia","Jackson County",0,"High Incidenc",28706,7.1,0,6,12.92,65.2073825200095,1.00000000000001
54037,"West Virginia","Jefferson County",19,"High Incidenc",56811,6.4,33.4442273503371,7,12.63,30.1152905278801,1.0000000000001
54039,"West Virginia","Kanawha County",9,"High Incidenc",180454,8.1,4.98742061688851,7,13.27,74.3801889689663,0.99999999979892
54041,"West Virginia","Lewis County",7,"High Incidenc",16024,7.3,43.6844732900649,6,12.76,68.2086603813919,1.00000000000001
54043,"West Virginia","Lincoln County",0,"High Incidenc",20599,8.2,0,7,13.79,76.8883526932969,1.0000000000013
54045,"West Virginia","Logan County",0,"High Incidenc",32607,8.2,0,7,13.54,74.5742390722102,0.99999999999992
54047,"West Virginia","McDowell County",0,"High Incidenc",18223,11,0,6,12.5,81.1580509757893,1.00000000000042
54049,"West Virginia","Marion County",13,"High Incidenc",56097,7.2,23.1741447849261,6,11.84,62.4808682610265,1.00000000000198
54051,"West Virginia","Marshall County",16,"High Incidenc",30785,6.9,51.9733636511288,6,11.44,59.8092035222876,1.00000000000011
54053,"West Virginia","Mason County",1,"High Incidenc",26718,7.1,3.74279511939516,6,12.79,60.767651195692,0.999999999999997
54055,"West Virginia","Mercer County",11,"High Incidenc",59131,8.9,18.6027633559385,6,11.22,70.412260954966,1.00000000000002
54057,"West Virginia","Mineral County",17,"High Incidenc",26940,6.6,63.1031922791388,6,11.57,61.7794639966853,1.00000000000003
54059,"West Virginia","Mingo County",0,"High Incidenc",23785,9.2,0,7,13.85,75.5631108148043,0.999999999999897
54061,"West Virginia","Monongalia County",30,"High Incidenc",106420,7.4,28.1901898139447,6,11.4,58.4572548471229,0.9999999999997
54063,"West Virginia","Monroe County",17,"High Incidenc",13280,10.1,128.012048192771,6,11.61,59.0421001610886,1.00000000000002
54065,"West Virginia","Morgan County",19,"High Incidenc",17787,8.5,106.819587339068,6,11.97,68.1644048257729,0.999999999999992
54067,"West Virginia","Nicholas County",4,"High Incidenc",24842,7.8,16.1017631430642,6,11.48,70.1035549735597,0.999999999500085
54069,"West Virginia","Ohio County",18,"High Incidenc",41755,6,43.1086097473356,6,11.24,48.6356194621158,0.999999999999983
54071,"West Virginia","Pendleton County",2,"High Incidenc",6997,9.6,28.5836787194512,6,10.58,69.2995612088824,1.00000000000005
54073,"West Virginia","Pleasants County",3,"High Incidenc",7507,5.8,39.96270147862,6,12.29,72.6732540677659,0.999999999999852
54075,"West Virginia","Pocahontas County",10,"High Incidenc",8414,8.2,118.849536486808,6,9.08,74.0419325784818,1.0000000000303
54077,"West Virginia","Preston County",6,"High Incidenc",33839,8.2,17.7310204202252,6,10.2,62.0734099557659,0.999999999999939
54079,"West Virginia","Putnam County",0,"High Incidenc",56682,5.7,0,7,13.43,64.9158569015298,1.00000000000035
54081,"West Virginia","Raleigh County",2,"High Incidenc",74254,7.4,2.69345759151022,6,11.57,72.6136497608447,0.99999999999586
54083,"West Virginia","Randolph County",4,"High Incidenc",28823,8.6,13.8778059188842,6,9.69,72.2097909617148,1.00000000000055
54085,"West Virginia","Ritchie County",0,"High Incidenc",9721,8.9,0,6,12.38,71.6270866654115,1.00000000000224
54087,"West Virginia","Roane County",1,"High Incidenc",13932,9.2,7.17772035601493,6,12.75,72.3744659376056,0.999999999999909
54089,"West Virginia","Summers County",0,"High Incidenc",12760,8.1,0,6,11.91,71.0825178682022,1.000000000001
54091,"West Virginia","Taylor County",7,"High Incidenc",16862,6.9,41.5134622227494,6,11.94,57.8844809926574,1.00000000000004
54093,"West Virginia","Tucker County",4,"High Incidenc",6955,7.9,57.5125808770669,6,9.63,67.4984170311576,0.999999999999888
54095,"West Virginia","Tyler County",0,"High Incidenc",8746,6.5,0,6,12.12,71.2214650873977,0.999999999999992
54097,"West Virginia","Upshur County",32,"High Incidenc",24415,8.3,131.066967028466,6,12.06,63.1142644196244,0.999999999999909
54099,"West Virginia","Wayne County",2,"High Incidenc",39944,8.9,5.00700981373924,7,13.78,75.6812241665433,0.999999999999971
54101,"West Virginia","Webster County",4,"High Incidenc",8285,7.7,48.2800241400121,6,10.67,77.4823485187596,1.00000000021123
54103,"West Virginia","Wetzel County",6,"High Incidenc",15270,8,39.2927308447937,6,11.69,74.2702777271534,1.00000000000338
54105,"West Virginia","Wirt County",0,"High Incidenc",5830,7.6,0,6,12.55,71.8616735618857,1.00000000000003
54107,"West Virginia","Wood County",2,"High Incidenc",84203,7.4,2.37521228459794,6,12.63,60.8770416714753,1.00000000000004
54109,"West Virginia","Wyoming County",0,"High Incidenc",20786,8.6,0,6,12.4,80.8771042198379,0.999999999999959
55001,"Wisconsin","Adams County",6,"High Incidenc",20348,8.5,29.4869274621584,5,7.19,29.6300092688065,0.999999999999997
55003,"Wisconsin","Ashland County",2,"High Incidenc",15600,8.2,12.8205128205128,5,4.19,59.8556362135582,0.923872882013508
55005,"Wisconsin","Barron County",11,"High Incidenc",45164,8,24.3556815162519,5,5.17,30.1724733525591,1
55007,"Wisconsin","Bayfield County",4,"High Incidenc",15042,9.1,26.5922084829145,5,4.37,60.4080635983387,0.995723704085376
55009,"Wisconsin","Brown County",77,"High Incidenc",263378,7.1,29.2355473881645,5,7.28,14.2103915291718,0.99676443821554
55011,"Wisconsin","Buffalo County",4,"High Incidenc",13125,7.8,30.4761904761905,5,7.33,36.3311710833622,0.999999999999991
55013,"Wisconsin","Burnett County",6,"High Incidenc",15392,8.8,38.981288981289,5,5.21,41.5173171320594,1
55015,"Wisconsin","Calumet County",6,"High Incidenc",50159,4.4,11.9619609641341,5,7.42,12.3664364873046,0.999999999999997
55017,"Wisconsin","Chippewa County",15,"High Incidenc",64135,6.5,23.3881655882124,5,5.67,32.1006073358843,1.00000000000035
55019,"Wisconsin","Clark County",8,"High Incidenc",34709,17.3,23.0487769742718,5,5.99,30.3103451735483,0.999999999998198
55021,"Wisconsin","Columbia County",20,"High Incidenc",57358,6.1,34.8687192719411,5,7.73,16.8707836223813,1
55023,"Wisconsin","Crawford County",5,"High Incidenc",16291,7.2,30.6917930145479,5,8.06,42.8178276802707,1.00000000000001
55025,"Wisconsin","Dane County",139,"High Incidenc",542364,4.9,25.6285446674189,5,8.06,13.9832369311002,0.999999999999991
55027,"Wisconsin","Dodge County",31,"High Incidenc",87847,5.8,35.2886268170797,5,7.12,7.65546947964654,0.999999999722279
55029,"Wisconsin","Door County",9,"High Incidenc",27610,7.1,32.5968851865266,5,6.38,30.1306401740986,0.921793330975468
55031,"Wisconsin","Douglas County",10,"High Incidenc",43208,6.5,23.1438622477319,5,4.33,52.6295026746685,0.99722628102539
55033,"Wisconsin","Dunn County",19,"High Incidenc",45131,6,42.0996654184485,5,6.21,26.7216449130613,0.99999999999999
55035,"Wisconsin","Eau Claire County",29,"High Incidenc",104534,6.1,27.7421700116708,5,6.38,30.7471588551183,1.00000000000001
55037,"Wisconsin","Florence County",2,"High Incidenc",4321,8,46.2855820411942,5,4.51,74.1541052803721,0.999999999997579
55039,"Wisconsin","Fond du Lac County",22,"High Incidenc",103066,5.7,21.3455455727398,5,7.23,10.4913097141822,1.00000000028912
55041,"Wisconsin","Forest County",1,"High Incidenc",8991,10.5,11.1222333444556,5,4.06,77.3712351498967,0.999999999999209
55043,"Wisconsin","Grant County",11,"High Incidenc",51554,8.5,21.3368506808395,5,8.18,23.285731204026,0.999999999999992
55045,"Wisconsin","Green County",4,"High Incidenc",36929,5.4,10.8315957648461,5,8.4,9.23426078802036,0.99999999999999
55047,"Wisconsin","Green Lake County",1,"High Incidenc",18918,9.7,5.28597103287874,5,7.44,12.8916846287913,1.00000000000001
55049,"Wisconsin","Iowa County",5,"High Incidenc",23771,5.3,21.0340330655,5,7.94,29.6052932927783,0.9999999999973
55051,"Wisconsin","Iron County",1,"High Incidenc",5676,7.9,17.6180408738548,5,3.72,68.6404095772135,0.999908687284079
55053,"Wisconsin","Jackson County",5,"High Incidenc",20478,9.7,24.4164469186444,5,6.75,39.4773428163389,1.00000000000058
55055,"Wisconsin","Jefferson County",13,"High Incidenc",85129,6.5,15.2709417472307,5,8.21,13.5671237966278,0.99999999999998
55057,"Wisconsin","Juneau County",9,"High Incidenc",26617,8,33.8129766690461,5,7.03,33.5165770267711,1.00000000000073
55059,"Wisconsin","Kenosha County",54,"High Incidenc",169290,6.9,31.8979266347687,5,8.75,10.3354701628317,0.999287536458849
55061,"Wisconsin","Kewaunee County",0,"High Incidenc",20383,6.3,0,5,7.01,18.2492602282827,0.999482934317985
55063,"Wisconsin","La Crosse County",34,"High Incidenc",118230,4.7,28.7575065550199,5,7.56,37.8264236193695,1.00000000000047
55065,"Wisconsin","Lafayette County",3,"High Incidenc",16665,10.8,18.001800180018,5,8.13,9.4394684000192,0.999999999997259
55067,"Wisconsin","Langlade County",4,"High Incidenc",19268,7.3,20.7598090097571,5,4.73,59.5076087716615,0.999999999999916
55069,"Wisconsin","Lincoln County",2,"High Incidenc",27689,5.8,7.22308497959478,5,4.9,58.8783494647725,1.00000000000001
55071,"Wisconsin","Manitowoc County",16,"High Incidenc",79074,6.5,20.2342109922351,5,7.27,16.1466519292913,0.999712138539399
55073,"Wisconsin","Marathon County",24,"High Incidenc",135428,6.1,17.721593761999,5,5.74,33.0311397114689,0.999999999999997
55075,"Wisconsin","Marinette County",15,"High Incidenc",40434,6.6,37.0974922095266,5,5.61,59.482069002467,0.999049565004577
55077,"Wisconsin","Marquette County",11,"High Incidenc",15434,8.4,71.2712193857717,5,7.58,25.2663176520425,0.999999999999977
55078,"Wisconsin","Menominee County",3,"High Incidenc",4658,8.3,64.405324173465,5,5.98,62.55109446791,0.99999999999998
55079,"Wisconsin","Milwaukee County",669,"High Incidenc",948201,8.2,70.5546608788643,5,8.5,15.3944616423429,0.99859272931655
55081,"Wisconsin","Monroe County",10,"High Incidenc",46051,8.5,21.7150550476645,5,6.54,34.9504612681344,0.999999999999993
55083,"Wisconsin","Oconto County",11,"High Incidenc",37830,6.9,29.0774517578641,5,6.13,45.4478837678862,0.999540316056174
55085,"Wisconsin","Oneida County",8,"High Incidenc",35470,6.3,22.5542712151114,5,4.04,69.6654728979881,0.999999999999986
55087,"Wisconsin","Outagamie County",35,"High Incidenc",187365,6.2,18.680116350439,5,7.25,15.2909187613025,0.999999999999985
55089,"Wisconsin","Ozaukee County",10,"High Incidenc",89147,4,11.2174273952012,5,7.82,17.2664543273349,0.999424061434711
55091,"Wisconsin","Pepin County",2,"High Incidenc",7289,8,27.4386061188092,5,6.95,29.7059454172943,1
55093,"Wisconsin","Pierce County",7,"High Incidenc",42555,5.5,16.4493009047115,5,6.17,22.9365106715367,1.00000000000209
55095,"Wisconsin","Polk County",16,"High Incidenc",43598,7.4,36.6989311436304,5,5.56,32.6710430042581,1.00000000000307
55097,"Wisconsin","Portage County",19,"High Incidenc",70942,6,26.782441994869,5,6.55,28.2082396535084,1.00000000000001
55099,"Wisconsin","Price County",5,"High Incidenc",13397,7.2,37.321788460103,5,4.25,59.7420106309604,1.00000000000126
55101,"Wisconsin","Racine County",83,"High Incidenc",196584,6.5,42.2211370203068,5,8.48,11.8395785733956,0.999664780374894
55103,"Wisconsin","Richland County",7,"High Incidenc",17377,8.5,40.2831328767912,5,7.81,39.7738500171114,0.999999999999998
55105,"Wisconsin","Rock County",46,"High Incidenc",163129,7.1,28.1985422579676,5,8.42,8.15724887560784,1.00000000000001
55107,"Wisconsin","Rusk County",5,"High Incidenc",14147,8.7,35.3431823001343,5,4.94,51.0909290359646,0.999999999999433
55109,"Wisconsin","St. Croix County",17,"High Incidenc",89694,4.4,18.9533302116084,5,6.06,17.4243023194236,1
55111,"Wisconsin","Sauk County",32,"High Incidenc",64249,7.2,49.8062226649442,5,7.83,31.356651872963,0.999999999999998
55113,"Wisconsin","Sawyer County",4,"High Incidenc",16489,10.5,24.2585966401844,5,4.4,64.3442276628928,1.00000000000092
55115,"Wisconsin","Shawano County",9,"High Incidenc",40796,7.8,22.0609863712129,5,6.47,37.7994525404386,1
55117,"Wisconsin","Sheboygan County",22,"High Incidenc",115456,5.9,19.0548780487805,5,7.42,18.0005875842958,0.999595662941515
55119,"Wisconsin","Taylor County",6,"High Incidenc",20412,7.5,29.3944738389183,5,4.94,48.2115705163799,1.00000000000002
55121,"Wisconsin","Trempealeau County",10,"High Incidenc",29442,8.4,33.9650838937572,5,7.3,32.0685723412155,0.999999999999989
55123,"Wisconsin","Vernon County",8,"High Incidenc",30785,10.4,25.9866818255644,5,7.24,35.2155300930799,1.00000000000001
55125,"Wisconsin","Vilas County",7,"High Incidenc",21938,9.6,31.9081046585833,5,3.62,72.5377105592621,1.00000000000096
55127,"Wisconsin","Walworth County",12,"High Incidenc",103718,8.2,11.5698335872269,5,8.36,13.2781698259822,1.00000000000001
55129,"Wisconsin","Washburn County",6,"High Incidenc",15878,7.5,37.7881345257589,5,4.69,53.4119953819011,1.00000000000096
55131,"Wisconsin","Washington County",16,"High Incidenc",135693,4.3,11.7913230601431,5,7.23,20.2103686336889,0.999999999999994
55133,"Wisconsin","Waukesha County",64,"High Incidenc",403072,3.8,15.8780565258812,5,8.05,20.6041036707434,1.00000000000002
55135,"Wisconsin","Waupaca County",12,"High Incidenc",51128,6.7,23.4705053982162,5,6.91,31.6519019598734,0.999999999999998
55137,"Wisconsin","Waushara County",7,"High Incidenc",24263,8.8,28.8505131269835,5,7.15,26.5301948563372,0.999999999999994
55139,"Wisconsin","Winnebago County",46,"High Incidenc",171020,5.5,26.8974388960356,5,7.54,9.86321648026065,1
55141,"Wisconsin","Wood County",15,"High Incidenc",73055,6.1,20.5324755321333,5,6.47,29.8824586103953,1
